source_id,display_name,normalized_name,instagram_handle,instagram_url,raw_category,normalized_source_type,source_role,mvp_relevance,authority_tier,verification_status,duplicate_group,official_website,event_page_url,usual_ticketing_platform,useful_content_types,proposed_scan_priority,access_method_status,last_verified_at,notes
"mtelus","MTELUS","MTELUS","mtelusmontreal","https://www.instagram.com/mtelusmontreal/","Salles de concert et espaces culturels","venue","primary_official","qualifying_event_host","tier_1_primary","unverified","","","","","posts,reels,stories","high","needs_research","",""
"centre-bell","Centre Bell","Centre Bell","centrebell","https://www.instagram.com/centrebell/","Salles de concert et espaces culturels","venue","primary_official","qualifying_event_host","tier_1_primary","unverified","","","","","posts,reels,stories","high","needs_research","",""
"place-bell","Place Bell","Place Bell","placebell","https://www.instagram.com/placebell/","Salles de concert et espaces culturels","venue","primary_official","qualifying_event_host","tier_1_primary","unverified","","","","","posts,reels,stories","high","needs_research","",""
"theatre-beanfield","Théâtre Beanfield","Theatre Beanfield","theatrebeanfield","https://www.instagram.com/theatrebeanfield/","Salles de concert et espaces culturels","venue","primary_official","qualifying_event_host","tier_1_primary","unverified","","","","","posts,reels,stories","high","needs_research","",""
"club-soda","Club Soda","Club Soda","clubsodamtl","https://www.instagram.com/clubsodamtl/","Salles de concert et espaces culturels","venue","primary_official","qualifying_event_host","tier_1_primary","unverified","","","","","posts,reels,stories","high","needs_research","",""
"theatre-fairmount","Théâtre Fairmount","Theatre Fairmount","theatrefairmount","https://www.instagram.com/theatrefairmount/","Salles de concert et espaces culturels","venue","primary_official","qualifying_event_host","tier_1_primary","unverified","","","","","posts,reels,stories","high","needs_research","",""
"l-olympia","L’Olympia","L’Olympia","olympiamontreal","https://www.instagram.com/olympiamontreal/","Salles de concert et espaces culturels","venue","primary_official","qualifying_event_host","tier_1_primary","unverified","","","","","posts,reels,stories","high","needs_research","",""
"foufounes-electriques","Foufounes Électriques","Foufounes Electriques","foufouneselectriques","https://www.instagram.com/foufouneselectriques/","Salles de concert et espaces culturels","venue","primary_official","qualifying_event_host","tier_1_primary","unverified","","","","","posts,reels,stories","high","needs_research","",""
"rialto-theatre","Rialto Theatre","Rialto Theatre","theatrerialtomtl","https://www.instagram.com/theatrerialtomtl/","Salles de concert et espaces culturels","venue","primary_official","qualifying_event_host","tier_1_primary","unverified","","","","","posts,reels,stories","high","needs_research","",""
"casa-del-popolo","Casa del Popolo","Casa del Popolo","casadelpopolo","https://www.instagram.com/casadelpopolo/","Salles de concert et espaces culturels","venue","primary_official","qualifying_event_host","tier_1_primary","unverified","","","","","posts,reels,stories","high","needs_research","",""
"la-sala-rossa","La Sala Rossa","La Sala Rossa","lasalarossa","https://www.instagram.com/lasalarossa/","Salles de concert et espaces culturels","venue","primary_official","qualifying_event_host","tier_1_primary","unverified","","","","","posts,reels,stories","high","needs_research","",""
"la-tulipe","La Tulipe","La Tulipe","latulipemtl","https://www.instagram.com/latulipemtl/","Salles de concert et espaces culturels","venue","primary_official","qualifying_event_host","tier_1_primary","unverified","","","","","posts,reels,stories","high","needs_research","",""
"le-ministere","Le Ministère","Le Ministere","leministeremtl","https://www.instagram.com/leministeremtl/","Salles de concert et espaces culturels","venue","primary_official","qualifying_event_host","tier_1_primary","unverified","","","","","posts,reels,stories","high","needs_research","",""
"cafe-campus-petit-campus","Café Campus / Petit Campus","Cafe Campus / Petit Campus","cafecampusmtl","https://www.instagram.com/cafecampusmtl/","Salles de concert et espaces culturels","venue","primary_official","qualifying_event_host","tier_1_primary","unverified","cafecampus-shared-account","","","","posts,reels,stories","high","needs_research","","shared official account; raw alias: Le Petit Campus comedy"
"l-escogriffe-bar-spectacle","L’Escogriffe Bar Spectacle","L’Escogriffe Bar Spectacle","lescogriffe","https://www.instagram.com/lescogriffe/","Salles de concert et espaces culturels","venue","primary_official","qualifying_event_host","tier_1_primary","unverified","","","","","posts,reels,stories","high","needs_research","",""
"bar-le-ritz-pdb","Bar Le Ritz PDB","Bar Le Ritz PDB","barleritzpdb","https://www.instagram.com/barleritzpdb/","Salles de concert et espaces culturels","venue","primary_official","qualifying_event_host","tier_1_primary","unverified","","","","","posts,reels,stories","high","needs_research","",""
"quai-des-brumes","Quai des Brumes","Quai des Brumes","quaidesbrumes","https://www.instagram.com/quaidesbrumes/","Salles de concert et espaces culturels","venue","primary_official","qualifying_event_host","tier_1_primary","unverified","","","","","posts,reels,stories","high","needs_research","",""
"ausgang-plaza","Ausgang Plaza","Ausgang Plaza","ausgangplaza","https://www.instagram.com/ausgangplaza/","Salles de concert et espaces culturels","venue","primary_official","qualifying_event_host","tier_1_primary","unverified","","","","","posts,reels,stories","high","needs_research","",""
"le-belmont","Le Belmont","Le Belmont","lebelmont","https://www.instagram.com/lebelmont/","Salles de concert et espaces culturels","venue","primary_official","qualifying_event_host","tier_1_primary","unverified","","","","","posts,reels,stories","high","needs_research","",""
"le-national","Le National","Le National","lenationalmtl","https://www.instagram.com/lenationalmtl/","Salles de concert et espaces culturels","venue","primary_official","qualifying_event_host","tier_1_primary","unverified","","","","","posts,reels,stories","high","needs_research","",""
"groove-nation","Groove Nation","Groove Nation","groovenationmtl","https://www.instagram.com/groovenationmtl/","Salles de concert et espaces culturels","venue","primary_official","qualifying_event_host","tier_1_primary","unverified","","","","","posts,reels,stories","high","needs_research","",""
"societe-des-arts-technologiques-sat","Société des arts technologiques (SAT)","Societe des arts technologiques (SAT)","sat_montreal","https://www.instagram.com/sat_montreal/","Salles de concert et espaces culturels","venue","primary_official","qualifying_event_host","tier_1_primary","unverified","","","","","posts,reels,stories","high","needs_research","",""
"le-studio-td","Le Studio TD","Le Studio TD","lestudiotd","https://www.instagram.com/lestudiotd/","Salles de concert et espaces culturels","venue","primary_official","qualifying_event_host","tier_1_primary","unverified","","","","","posts,reels,stories","high","needs_research","",""
"place-des-arts","Place des Arts","Place des Arts","placedesarts","https://www.instagram.com/placedesarts/","Salles de concert et espaces culturels","venue","primary_official","qualifying_event_host","tier_1_primary","unverified","","","","","posts,reels,stories","high","needs_research","",""
"maison-symphonique-de-montreal","Maison symphonique de Montréal","Maison symphonique de Montreal","maisonsymphonique","https://www.instagram.com/maisonsymphonique/","Salles de concert et espaces culturels","venue","primary_official","qualifying_event_host","tier_1_primary","unverified","","","","","posts,reels,stories","high","needs_research","",""
"le-gesu","Le Gesù","Le Gesu","legesu","https://www.instagram.com/legesu/","Salles de concert et espaces culturels","venue","primary_official","qualifying_event_host","tier_1_primary","unverified","","","","","posts,reels,stories","high","needs_research","",""
"usine-c","Usine C","Usine C","usine_c","https://www.instagram.com/usine_c/","Salles de concert et espaces culturels","venue","primary_official","qualifying_event_host","tier_1_primary","unverified","","","","","posts,reels,stories","high","needs_research","",""
"centre-phi","Centre Phi","Centre Phi","phicentre","https://www.instagram.com/phicentre/","Salles de concert et espaces culturels","venue","primary_official","qualifying_event_host","tier_1_primary","unverified","","","","","posts,reels,stories","high","needs_research","",""
"theatre-outremont","Théâtre Outremont","Theatre Outremont","theatreoutremont","https://www.instagram.com/theatreoutremont/","Salles de concert et espaces culturels","venue","primary_official","qualifying_event_host","tier_1_primary","unverified","","","","","posts,reels,stories","high","needs_research","",""
"monument-national","Monument-National","Monument-National","monument_national","https://www.instagram.com/monument_national/","Salles de concert et espaces culturels","venue","primary_official","qualifying_event_host","tier_1_primary","unverified","","","","","posts,reels,stories","high","needs_research","",""
"cabaret-lion-d-or","Cabaret Lion d’Or","Cabaret Lion d’Or","cabaretliondor","https://www.instagram.com/cabaretliondor/","Salles de concert et espaces culturels","venue","primary_official","qualifying_event_host","tier_1_primary","unverified","","","","","posts,reels,stories","high","needs_research","",""
"bain-mathieu","Bain Mathieu","Bain Mathieu","bainmathieu","https://www.instagram.com/bainmathieu/","Salles de concert et espaces culturels","venue","primary_official","qualifying_event_host","tier_1_primary","unverified","","","","","posts,reels,stories","high","needs_research","",""
"la-chapelle-scenes-contemporaines","La Chapelle Scènes Contemporaines","La Chapelle Scenes Contemporaines","lachapelletheatre","https://www.instagram.com/lachapelletheatre/","Salles de concert et espaces culturels","venue","primary_official","qualifying_event_host","tier_1_primary","unverified","","","","","posts,reels,stories","high","needs_research","",""
"espace-st-denis","Espace St-Denis","Espace St-Denis","espacestdenis","https://www.instagram.com/espacestdenis/","Salles de concert et espaces culturels","venue","primary_official","qualifying_event_host","tier_1_primary","unverified","","","","","posts,reels,stories","high","needs_research","",""
"le-verre-bouteille","Le Verre Bouteille","Le Verre Bouteille","leverrebouteille","https://www.instagram.com/leverrebouteille/","Salles de concert et espaces culturels","venue","primary_official","qualifying_event_host","tier_1_primary","unverified","","","","","posts,reels,stories","high","needs_research","",""
"theatre-de-quat-sous","Théâtre de Quat’Sous","Theatre de Quat’Sous","theatrequatsous","https://www.instagram.com/theatrequatsous/","Salles de concert et espaces culturels","venue","primary_official","qualifying_event_host","tier_1_primary","unverified","","","","","posts,reels,stories","high","needs_research","",""
"espace-libre","Espace Libre","Espace Libre","espacelibre_mtl","https://www.instagram.com/espacelibre_mtl/","Salles de concert et espaces culturels","venue","primary_official","qualifying_event_host","tier_1_primary","unverified","","","","","posts,reels,stories","high","needs_research","",""
"theatre-la-licorne","Théâtre La Licorne","Theatre La Licorne","theatrelalicorne","https://www.instagram.com/theatrelalicorne/","Salles de concert et espaces culturels","venue","primary_official","qualifying_event_host","tier_1_primary","unverified","","","","","posts,reels,stories","high","needs_research","",""
"le-livart","Le Livart","Le Livart","lelivart","https://www.instagram.com/lelivart/","Salles de concert et espaces culturels","venue","primary_official","qualifying_event_host","tier_1_primary","unverified","","","","","posts,reels,stories","high","needs_research","",""
"arsenal-art-contemporain","Arsenal Art Contemporain","Arsenal Art Contemporain","arsenalcontemporary","https://www.instagram.com/arsenalcontemporary/","Salles de concert et espaces culturels","venue","primary_official","qualifying_event_host","tier_1_primary","unverified","","","","","posts,reels,stories","high","needs_research","",""
"new-city-gas","New City Gas","New City Gas","newcitygas","https://www.instagram.com/newcitygas/","Boîtes de nuit, clubs et cabarets","nightclub","primary_official","qualifying_event_host","tier_1_primary","unverified","","","","","posts,reels,stories","high","needs_research","",""
"stereo-montreal","Stereo Montreal","Stereo Montreal","stereomontreal","https://www.instagram.com/stereomontreal/","Boîtes de nuit, clubs et cabarets","nightclub","primary_official","qualifying_event_host","tier_1_primary","unverified","","","","","posts,reels,stories","high","needs_research","",""
"stereobar","StereoBar","StereoBar","stereobarmtl","https://www.instagram.com/stereobarmtl/","Boîtes de nuit, clubs et cabarets","nightclub","primary_official","qualifying_event_host","tier_1_primary","unverified","","","","","posts,reels,stories","high","needs_research","",""
"club-pelicano","Club Pelicano","Club Pelicano","clubpelicanomtl","https://www.instagram.com/clubpelicanomtl/","Boîtes de nuit, clubs et cabarets","nightclub","primary_official","qualifying_event_host","tier_1_primary","unverified","","","","","posts,reels,stories","high","needs_research","",""
"datcha","Datcha","Datcha","datchamtl","https://www.instagram.com/datchamtl/","Boîtes de nuit, clubs et cabarets","nightclub","primary_official","qualifying_event_host","tier_1_primary","unverified","","","","","posts,reels,stories","high","needs_research","",""
"le-rouge-bar","Le Rouge Bar","Le Rouge Bar","rougebarmtl","https://www.instagram.com/rougebarmtl/","Boîtes de nuit, clubs et cabarets","nightclub","primary_official","qualifying_event_host","tier_1_primary","unverified","","","","","posts,reels,stories","high","needs_research","",""
"muzique","Muzique","Muzique","muziquemontreal","https://www.instagram.com/muziquemontreal/","Boîtes de nuit, clubs et cabarets","nightclub","primary_official","qualifying_event_host","tier_1_primary","unverified","","","","","posts,reels,stories","high","needs_research","",""
"la-voute","La Voûte","La Voute","lavoutemontreal","https://www.instagram.com/lavoutemontreal/","Boîtes de nuit, clubs et cabarets","nightclub","primary_official","qualifying_event_host","tier_1_primary","unverified","","","","","posts,reels,stories","high","needs_research","",""
"bord-elle","Bord’Elle","Bord’Elle","bordellemtl","https://www.instagram.com/bordellemtl/","Boîtes de nuit, clubs et cabarets","nightclub","primary_official","qualifying_event_host","tier_1_primary","unverified","","","","","posts,reels,stories","high","needs_research","",""
"yoko-luna","Yoko Luna","Yoko Luna","yokolunamtl","https://www.instagram.com/yokolunamtl/","Boîtes de nuit, clubs et cabarets","nightclub","primary_official","qualifying_event_host","tier_1_primary","unverified","","","","","posts,reels,stories","high","needs_research","",""
"soubois","Soubois","Soubois","soubois","https://www.instagram.com/soubois/","Boîtes de nuit, clubs et cabarets","nightclub","primary_official","qualifying_event_host","tier_1_primary","unverified","","","","","posts,reels,stories","high","needs_research","",""
"flyjin","Flyjin","Flyjin","flyjinmtl","https://www.instagram.com/flyjinmtl/","Boîtes de nuit, clubs et cabarets","nightclub","primary_official","qualifying_event_host","tier_1_primary","unverified","","","","","posts,reels,stories","high","needs_research","",""
"apt-200","Apt. 200","Apt. 200","apt200mtl","https://www.instagram.com/apt200mtl/","Boîtes de nuit, clubs et cabarets","nightclub","primary_official","qualifying_event_host","tier_1_primary","unverified","","","","","posts,reels,stories","high","needs_research","",""
"ecole-privee","École Privée","Ecole Privee","ecoleprivee","https://www.instagram.com/ecoleprivee/","Boîtes de nuit, clubs et cabarets","nightclub","primary_official","qualifying_event_host","tier_1_primary","unverified","","","","","posts,reels,stories","high","needs_research","",""
"salon-daome","Salon Daomé","Salon Daome","lesalondaome","https://www.instagram.com/lesalondaome/","Boîtes de nuit, clubs et cabarets","nightclub","primary_official","qualifying_event_host","tier_1_primary","unverified","","","","","posts,reels,stories","high","needs_research","",""
"newspeak","Newspeak","Newspeak","newspeakmtl","https://www.instagram.com/newspeakmtl/","Boîtes de nuit, clubs et cabarets","nightclub","primary_official","qualifying_event_host","tier_1_primary","unverified","","","","","posts,reels,stories","high","needs_research","",""
"club-unity","Club Unity","Club Unity","clubunity","https://www.instagram.com/clubunity/","Boîtes de nuit, clubs et cabarets","nightclub","primary_official","qualifying_event_host","tier_1_primary","unverified","","","","","posts,reels,stories","high","needs_research","",""
"cabaret-mado","Cabaret Mado","Cabaret Mado","cabaretmado","https://www.instagram.com/cabaretmado/","Boîtes de nuit, clubs et cabarets","nightclub","primary_official","qualifying_event_host","tier_1_primary","unverified","","","","","posts,reels,stories","high","needs_research","",""
"complexe-sky","Complexe Sky","Complexe Sky","complexesky","https://www.instagram.com/complexesky/","Boîtes de nuit, clubs et cabarets","nightclub","primary_official","qualifying_event_host","tier_1_primary","unverified","","","","","posts,reels,stories","high","needs_research","",""
"le-stud","Le Stud","Le Stud","lestudbar","https://www.instagram.com/lestudbar/","Boîtes de nuit, clubs et cabarets","nightclub","primary_official","qualifying_event_host","tier_1_primary","unverified","","","","","posts,reels,stories","high","needs_research","",""
"salsatheque","Salsathèque","Salsatheque","salsathequemtl","https://www.instagram.com/salsathequemtl/","Boîtes de nuit, clubs et cabarets","nightclub","primary_official","qualifying_event_host","tier_1_primary","unverified","","","","","posts,reels,stories","high","needs_research","",""
"le-jiao","Le Jiao","Le Jiao","jiaomtl","https://www.instagram.com/jiaomtl/","Boîtes de nuit, clubs et cabarets","nightclub","primary_official","qualifying_event_host","tier_1_primary","unverified","","","","","posts,reels,stories","high","needs_research","",""
"don-b-comber","Don B Comber","Don B Comber","donbcomber","https://www.instagram.com/donbcomber/","Boîtes de nuit, clubs et cabarets","nightclub","primary_official","qualifying_event_host","tier_1_primary","unverified","","","","","posts,reels,stories","high","needs_research","",""
"peopl","Peopl","Peopl","clubpeopl","https://www.instagram.com/clubpeopl/","Boîtes de nuit, clubs et cabarets","nightclub","primary_official","qualifying_event_host","tier_1_primary","unverified","","","","","posts,reels,stories","high","needs_research","",""
"sans-soleil","Sans Soleil","Sans Soleil","sanssoleilmtl","https://www.instagram.com/sanssoleilmtl/","Boîtes de nuit, clubs et cabarets","nightclub","primary_official","qualifying_event_host","tier_1_primary","unverified","","","","","posts,reels,stories","high","needs_research","",""
"velvet-speakeasy","Velvet Speakeasy","Velvet Speakeasy","velvet_auberge_st_gabriel","https://www.instagram.com/velvet_auberge_st_gabriel/","Boîtes de nuit, clubs et cabarets","nightclub","primary_official","qualifying_event_host","tier_1_primary","unverified","","","","","posts,reels,stories","high","needs_research","",""
"somwhr-liquor-lounge","Somwhr Liquor Lounge","Somwhr Liquor Lounge","somwhrmtl","https://www.instagram.com/somwhrmtl/","Boîtes de nuit, clubs et cabarets","nightclub","primary_official","qualifying_event_host","tier_1_primary","unverified","","","","","posts,reels,stories","high","needs_research","",""
"blvd44","BLVD44","BLVD44","blvd44montreal","https://www.instagram.com/blvd44montreal/","Boîtes de nuit, clubs et cabarets","nightclub","primary_official","qualifying_event_host","tier_1_primary","unverified","","","","","posts,reels,stories","high","needs_research","",""
"pangea","Pangea","Pangea","pangeamtl","https://www.instagram.com/pangeamtl/","Boîtes de nuit, clubs et cabarets","nightclub","primary_official","qualifying_event_host","tier_1_primary","unverified","","","","","posts,reels,stories","high","needs_research","",""
"mila","Mila","Mila","milamontreal","https://www.instagram.com/milamontreal/","Boîtes de nuit, clubs et cabarets","nightclub","primary_official","qualifying_event_host","tier_1_primary","unverified","","","","","posts,reels,stories","high","needs_research","",""
"le-wiggle-room","Le Wiggle Room","Le Wiggle Room","wiggleroommtl","https://www.instagram.com/wiggleroommtl/","Boîtes de nuit, clubs et cabarets","nightclub","primary_official","qualifying_event_host","tier_1_primary","unverified","","","","","posts,reels,stories","high","needs_research","",""
"stock-bar","Stock Bar","Stock Bar","stockbar_mtl","https://www.instagram.com/stockbar_mtl/","Boîtes de nuit, clubs et cabarets","nightclub","primary_official","qualifying_event_host","tier_1_primary","unverified","","","","","posts,reels,stories","high","needs_research","",""
"aigle-noir","Aigle Noir","Aigle Noir","aiglenoir_mtl","https://www.instagram.com/aiglenoir_mtl/","Boîtes de nuit, clubs et cabarets","nightclub","primary_official","qualifying_event_host","tier_1_primary","unverified","","","","","posts,reels,stories","high","needs_research","",""
"bar-le-cocktail","Bar Le Cocktail","Bar Le Cocktail","barlecocktail","https://www.instagram.com/barlecocktail/","Boîtes de nuit, clubs et cabarets","nightclub","primary_official","qualifying_event_host","tier_1_primary","unverified","","","","","posts,reels,stories","high","needs_research","",""
"le-saloon","Le Saloon","Le Saloon","lesaloonbistro","https://www.instagram.com/lesaloonbistro/","Boîtes de nuit, clubs et cabarets","nightclub","primary_official","qualifying_event_host","tier_1_primary","unverified","","","","","posts,reels,stories","high","needs_research","",""
"hang-bar","Hang Bar","Hang Bar","hangbarmtl","https://www.instagram.com/hangbarmtl/","Boîtes de nuit, clubs et cabarets","nightclub","primary_official","qualifying_event_host","tier_1_primary","unverified","","","","","posts,reels,stories","high","needs_research","",""
"la-shop","La Shop","La Shop","lashop.mtl","https://www.instagram.com/lashop.mtl/","Boîtes de nuit, clubs et cabarets","nightclub","primary_official","qualifying_event_host","tier_1_primary","unverified","","","","","posts,reels,stories","high","needs_research","",""
"tonic-club","Tonic Club","Tonic Club","","","Boîtes de nuit, clubs et cabarets","nightclub","primary_official","qualifying_event_host","tier_1_primary","unverified","","","","","posts,reels,stories","high","needs_research","","instagram_handle_needs_research"
"la-casona","La Casona","La Casona","","","Boîtes de nuit, clubs et cabarets","nightclub","primary_official","qualifying_event_host","tier_1_primary","unverified","","","","","posts,reels,stories","high","needs_research","","instagram_handle_needs_research"
"fritz-speakeasy","Fritz Speakeasy","Fritz Speakeasy","","","Boîtes de nuit, clubs et cabarets","nightclub","primary_official","qualifying_event_host","tier_1_primary","unverified","","","","","posts,reels,stories","high","needs_research","","instagram_handle_needs_research"
"club-649","Club 649","Club 649","","","Boîtes de nuit, clubs et cabarets","nightclub","primary_official","qualifying_event_host","tier_1_primary","unverified","","","","","posts,reels,stories","high","needs_research","","instagram_handle_needs_research"
"atwater-cocktail-club","Atwater Cocktail Club","Atwater Cocktail Club","atwatercocktailclub","https://www.instagram.com/atwatercocktailclub/","Bars, pubs, microbrasseries, buvettes et terrasses","bar","primary_official","scheduled_events_only","tier_2_contextual","unverified","","","","","posts,reels,stories","normal","needs_research","",""
"milky-way-cocktail-bar","Milky Way Cocktail Bar","Milky Way Cocktail Bar","milkywaycocktailbar","https://www.instagram.com/milkywaycocktailbar/","Bars, pubs, microbrasseries, buvettes et terrasses","bar","primary_official","scheduled_events_only","tier_2_contextual","unverified","","","","","posts,reels,stories","normal","needs_research","",""
"the-coldroom","The Coldroom","The Coldroom","thecoldroommtl","https://www.instagram.com/thecoldroommtl/","Bars, pubs, microbrasseries, buvettes et terrasses","bar","primary_official","scheduled_events_only","tier_2_contextual","unverified","","","","","posts,reels,stories","normal","needs_research","",""
"el-pequeno-bar","El Pequeño Bar","El Pequeno Bar","elpequenobar","https://www.instagram.com/elpequenobar/","Bars, pubs, microbrasseries, buvettes et terrasses","bar","primary_official","scheduled_events_only","tier_2_contextual","unverified","","","","","posts,reels,stories","normal","needs_research","",""
"gokudo","Gokudo","Gokudo","gokudomtl","https://www.instagram.com/gokudomtl/","Bars, pubs, microbrasseries, buvettes et terrasses","bar","primary_official","scheduled_events_only","tier_2_contextual","unverified","","","","","posts,reels,stories","normal","needs_research","",""
"cloakroom-bar","Cloakroom Bar","Cloakroom Bar","cloakroombar","https://www.instagram.com/cloakroombar/","Bars, pubs, microbrasseries, buvettes et terrasses","bar","primary_official","scheduled_events_only","tier_2_contextual","unverified","","","","","posts,reels,stories","normal","needs_research","",""
"bar-george","Bar George","Bar George","bargeorgemtl","https://www.instagram.com/bargeorgemtl/","Bars, pubs, microbrasseries, buvettes et terrasses","bar","primary_official","scheduled_events_only","tier_2_contextual","unverified","","","","","posts,reels,stories","normal","needs_research","",""
"nacarat","Nacarat","Nacarat","barnacarat","https://www.instagram.com/barnacarat/","Bars, pubs, microbrasseries, buvettes et terrasses","bar","primary_official","scheduled_events_only","tier_2_contextual","unverified","","","","","posts,reels,stories","normal","needs_research","",""
"marcus-lounge-bar","Marcus Lounge & Bar","Marcus Lounge & Bar","marcusmontreal","https://www.instagram.com/marcusmontreal/","Bars, pubs, microbrasseries, buvettes et terrasses","bar","primary_official","scheduled_events_only","tier_2_contextual","unverified","","","","","posts,reels,stories","normal","needs_research","",""
"le-mal-necessaire","Le Mal Nécessaire","Le Mal Necessaire","lemalnecessaire","https://www.instagram.com/lemalnecessaire/","Bars, pubs, microbrasseries, buvettes et terrasses","bar","primary_official","scheduled_events_only","tier_2_contextual","unverified","","","","","posts,reels,stories","normal","needs_research","",""
"snowbird-tiki-bar","Snowbird Tiki Bar","Snowbird Tiki Bar","snowbirdtikibar","https://www.instagram.com/snowbirdtikibar/","Bars, pubs, microbrasseries, buvettes et terrasses","bar","primary_official","scheduled_events_only","tier_2_contextual","unverified","","","","","posts,reels,stories","normal","needs_research","",""
"bar-darling","Bar Darling","Bar Darling","bardarling","https://www.instagram.com/bardarling/","Bars, pubs, microbrasseries, buvettes et terrasses","bar","primary_official","scheduled_events_only","tier_2_contextual","unverified","","","","","posts,reels,stories","normal","needs_research","",""
"bar-majestique","Bar Majestique","Bar Majestique","barmajestique","https://www.instagram.com/barmajestique/","Bars, pubs, microbrasseries, buvettes et terrasses","bar","primary_official","scheduled_events_only","tier_2_contextual","unverified","","","","","posts,reels,stories","normal","needs_research","",""
"rouge-gorge","Rouge Gorge","Rouge Gorge","rougegorge_mtl","https://www.instagram.com/rougegorge_mtl/","Bars, pubs, microbrasseries, buvettes et terrasses","bar","primary_official","scheduled_events_only","tier_2_contextual","unverified","","","","","posts,reels,stories","normal","needs_research","",""
"le-royal","Le Royal","Le Royal","barleroyal","https://www.instagram.com/barleroyal/","Bars, pubs, microbrasseries, buvettes et terrasses","bar","primary_official","scheduled_events_only","tier_2_contextual","unverified","","","","","posts,reels,stories","normal","needs_research","",""
"bar-henrietta","Bar Henrietta","Bar Henrietta","barhenrietta","https://www.instagram.com/barhenrietta/","Bars, pubs, microbrasseries, buvettes et terrasses","bar","primary_official","scheduled_events_only","tier_2_contextual","unverified","","","","","posts,reels,stories","normal","needs_research","",""
"buvette-chez-simone","Buvette Chez Simone","Buvette Chez Simone","buvettechezsimone","https://www.instagram.com/buvettechezsimone/","Bars, pubs, microbrasseries, buvettes et terrasses","bar","primary_official","scheduled_events_only","tier_2_contextual","unverified","","","","","posts,reels,stories","normal","needs_research","",""
"brasserie-dieu-du-ciel","Brasserie Dieu du Ciel!","Brasserie Dieu du Ciel!","brasseriedieuduciel","https://www.instagram.com/brasseriedieuduciel/","Bars, pubs, microbrasseries, buvettes et terrasses","bar","primary_official","scheduled_events_only","tier_2_contextual","unverified","","","","","posts,reels,stories","normal","needs_research","",""
"pit-caribou-montreal","Pit Caribou Montréal","Pit Caribou Montreal","pitcariboumtl","https://www.instagram.com/pitcariboumtl/","Bars, pubs, microbrasseries, buvettes et terrasses","bar","primary_official","scheduled_events_only","tier_2_contextual","unverified","","","","","posts,reels,stories","normal","needs_research","",""
"pub-l-ile-noire","Pub L’Île Noire","Pub L’Ile Noire","pubilenoire","https://www.instagram.com/pubilenoire/","Bars, pubs, microbrasseries, buvettes et terrasses","bar","primary_official","scheduled_events_only","tier_2_contextual","unverified","","","","","posts,reels,stories","normal","needs_research","",""
"burgundy-lion","Burgundy Lion","Burgundy Lion","burgundylion","https://www.instagram.com/burgundylion/","Bars, pubs, microbrasseries, buvettes et terrasses","bar","primary_official","scheduled_events_only","tier_2_contextual","unverified","","","","","posts,reels,stories","normal","needs_research","",""
"ye-olde-orchard","Ye Olde Orchard","Ye Olde Orchard","yeoldeorchard","https://www.instagram.com/yeoldeorchard/","Bars, pubs, microbrasseries, buvettes et terrasses","bar","primary_official","scheduled_events_only","tier_2_contextual","unverified","","","","","posts,reels,stories","normal","needs_research","",""
"hurley-s-irish-pub","Hurley’s Irish Pub","Hurley’s Irish Pub","hurleysirishpub","https://www.instagram.com/hurleysirishpub/","Bars, pubs, microbrasseries, buvettes et terrasses","bar","primary_official","scheduled_events_only","tier_2_contextual","unverified","","","","","posts,reels,stories","normal","needs_research","",""
"mckibbin-s-irish-pub","McKibbin’s Irish Pub","McKibbin’s Irish Pub","mckibbins_pub","https://www.instagram.com/mckibbins_pub/","Bars, pubs, microbrasseries, buvettes et terrasses","bar","primary_official","scheduled_events_only","tier_2_contextual","unverified","","","","","posts,reels,stories","normal","needs_research","",""
"grumpy-s-bar","Grumpy’s Bar","Grumpy’s Bar","grumpysbarmtl","https://www.instagram.com/grumpysbarmtl/","Bars, pubs, microbrasseries, buvettes et terrasses","bar","primary_official","scheduled_events_only","tier_2_contextual","unverified","","","","","posts,reels,stories","normal","needs_research","",""
"bar-de-courcelle","Bar de Courcelle","Bar de Courcelle","bardecourcelle","https://www.instagram.com/bardecourcelle/","Bars, pubs, microbrasseries, buvettes et terrasses","bar","primary_official","scheduled_events_only","tier_2_contextual","unverified","","","","","posts,reels,stories","normal","needs_research","",""
"bar-loic","Bar Loïc","Bar Loic","barloic","https://www.instagram.com/barloic/","Bars, pubs, microbrasseries, buvettes et terrasses","bar","primary_official","scheduled_events_only","tier_2_contextual","unverified","","","","","posts,reels,stories","normal","needs_research","",""
"taverne-cobra","Taverne Cobra","Taverne Cobra","tavernecobra","https://www.instagram.com/tavernecobra/","Bars, pubs, microbrasseries, buvettes et terrasses","bar","primary_official","scheduled_events_only","tier_2_contextual","unverified","","","","","posts,reels,stories","normal","needs_research","",""
"notre-dame-des-quilles","Notre Dame Des Quilles","Notre Dame Des Quilles","ndqmtl","https://www.instagram.com/ndqmtl/","Bars, pubs, microbrasseries, buvettes et terrasses","bar","primary_official","scheduled_events_only","tier_2_contextual","unverified","","","","","posts,reels,stories","normal","needs_research","",""
"brasserie-beaubien","Brasserie Beaubien","Brasserie Beaubien","brasseriebeaubien","https://www.instagram.com/brasseriebeaubien/","Bars, pubs, microbrasseries, buvettes et terrasses","bar","primary_official","scheduled_events_only","tier_2_contextual","unverified","","","","","posts,reels,stories","normal","needs_research","",""
"turbo-haus","Turbo Haüs","Turbo Haus","turbo_haus","https://www.instagram.com/turbo_haus/","Bars, pubs, microbrasseries, buvettes et terrasses","bar","primary_official","scheduled_events_only","tier_2_contextual","unverified","","","","","posts,reels,stories","normal","needs_research","",""
"bistro-a-jojo","Bistro à Jojo","Bistro a Jojo","bistroajojo","https://www.instagram.com/bistroajojo/","Bars, pubs, microbrasseries, buvettes et terrasses","bar","primary_official","scheduled_events_only","tier_2_contextual","unverified","","","","","posts,reels,stories","normal","needs_research","",""
"barraca-rhumerie","Barraca Rhumerie","Barraca Rhumerie","barracamtl","https://www.instagram.com/barracamtl/","Bars, pubs, microbrasseries, buvettes et terrasses","bar","primary_official","scheduled_events_only","tier_2_contextual","unverified","","","","","posts,reels,stories","normal","needs_research","",""
"l-abreuvoir","L’Abreuvoir","L’Abreuvoir","abreuvoir_mtl","https://www.instagram.com/abreuvoir_mtl/","Bars, pubs, microbrasseries, buvettes et terrasses","bar","primary_official","scheduled_events_only","tier_2_contextual","unverified","abreuvoir-shared-account","","","","posts,reels,stories","normal","needs_research","","shared official account; raw alias: Abreuvoir Comedy Club"
"randolph-pub-ludique","Randolph Pub Ludique","Randolph Pub Ludique","randolphmtl","https://www.instagram.com/randolphmtl/","Bars, pubs, microbrasseries, buvettes et terrasses","bar","primary_official","scheduled_events_only","tier_2_contextual","unverified","","","","","posts,reels,stories","normal","needs_research","",""
"north-star-machines-a-piastres","North Star Machines à Piastres","North Star Machines a Piastres","northstarpinball","https://www.instagram.com/northstarpinball/","Bars, pubs, microbrasseries, buvettes et terrasses","bar","primary_official","scheduled_events_only","tier_2_contextual","unverified","","","","","posts,reels,stories","normal","needs_research","",""
"big-in-japan-bar","Big in Japan Bar","Big in Japan Bar","biginjapanbar","https://www.instagram.com/biginjapanbar/","Bars, pubs, microbrasseries, buvettes et terrasses","bar","primary_official","scheduled_events_only","tier_2_contextual","unverified","","","","","posts,reels,stories","normal","needs_research","",""
"bar-palco","Bar Palco","Bar Palco","barpalco","https://www.instagram.com/barpalco/","Bars, pubs, microbrasseries, buvettes et terrasses","bar","primary_official","scheduled_events_only","tier_2_contextual","unverified","","","","","posts,reels,stories","normal","needs_research","",""
"bar-renard","Bar Renard","Bar Renard","barrenard","https://www.instagram.com/barrenard/","Bars, pubs, microbrasseries, buvettes et terrasses","bar","primary_official","scheduled_events_only","tier_2_contextual","unverified","","","","","posts,reels,stories","normal","needs_research","",""
"isle-de-garde","Isle de Garde","Isle de Garde","isledegardebrasserie","https://www.instagram.com/isledegardebrasserie/","Bars, pubs, microbrasseries, buvettes et terrasses","bar","primary_official","scheduled_events_only","tier_2_contextual","unverified","","","","","posts,reels,stories","normal","needs_research","",""
"microbrasserie-4-origines","Microbrasserie 4 Origines","Microbrasserie 4 Origines","4originesbeer","https://www.instagram.com/4originesbeer/","Bars, pubs, microbrasseries, buvettes et terrasses","bar","primary_official","scheduled_events_only","tier_2_contextual","unverified","","","","","posts,reels,stories","normal","needs_research","",""
"messorem-bracitorium","Messorem Bracitorium","Messorem Bracitorium","messorembracitorium","https://www.instagram.com/messorembracitorium/","Bars, pubs, microbrasseries, buvettes et terrasses","bar","primary_official","scheduled_events_only","tier_2_contextual","unverified","","","","","posts,reels,stories","normal","needs_research","",""
"l-espace-public","L’Espace Public","L’Espace Public","lespacepublic","https://www.instagram.com/lespacepublic/","Bars, pubs, microbrasseries, buvettes et terrasses","bar","primary_official","scheduled_events_only","tier_2_contextual","unverified","","","","","posts,reels,stories","normal","needs_research","",""
"bar-pamplemousse","Bar Pamplemousse","Bar Pamplemousse","barpamplemousse","https://www.instagram.com/barpamplemousse/","Bars, pubs, microbrasseries, buvettes et terrasses","bar","primary_official","scheduled_events_only","tier_2_contextual","unverified","","","","","posts,reels,stories","normal","needs_research","",""
"le-4eme-mur","Le 4ème Mur","Le 4eme Mur","le4ememur","https://www.instagram.com/le4ememur/","Bars, pubs, microbrasseries, buvettes et terrasses","bar","primary_official","scheduled_events_only","tier_2_contextual","unverified","","","","","posts,reels,stories","normal","needs_research","",""
"kampai-garden","Kampai Garden","Kampai Garden","kampaigarden","https://www.instagram.com/kampaigarden/","Bars, pubs, microbrasseries, buvettes et terrasses","bar","primary_official","scheduled_events_only","tier_2_contextual","unverified","","","","","posts,reels,stories","normal","needs_research","",""
"suwu","SuWu","SuWu","suwumontreal","https://www.instagram.com/suwumontreal/","Bars, pubs, microbrasseries, buvettes et terrasses","bar","primary_official","scheduled_events_only","tier_2_contextual","unverified","","","","","posts,reels,stories","normal","needs_research","",""
"nhau-bar","Nhâu Bar","Nhau Bar","nhaubar","https://www.instagram.com/nhaubar/","Bars, pubs, microbrasseries, buvettes et terrasses","bar","primary_official","scheduled_events_only","tier_2_contextual","unverified","","","","","posts,reels,stories","normal","needs_research","",""
"taverne-square-dominion","Taverne Square Dominion","Taverne Square Dominion","tavernedominion","https://www.instagram.com/tavernedominion/","Bars, pubs, microbrasseries, buvettes et terrasses","bar","primary_official","scheduled_events_only","tier_2_contextual","unverified","","","","","posts,reels,stories","normal","needs_research","",""
"pub-sainte-elisabeth","Pub Sainte-Élisabeth","Pub Sainte-Elisabeth","pubstelisabeth","https://www.instagram.com/pubstelisabeth/","Bars, pubs, microbrasseries, buvettes et terrasses","bar","primary_official","scheduled_events_only","tier_2_contextual","unverified","","","","","posts,reels,stories","normal","needs_research","",""
"brasserie-benelux","Brasserie Benelux","Brasserie Benelux","brasseriebenelux","https://www.instagram.com/brasseriebenelux/","Bars, pubs, microbrasseries, buvettes et terrasses","bar","primary_official","scheduled_events_only","tier_2_contextual","unverified","","","","","posts,reels,stories","normal","needs_research","",""
"vices-versa","Vices & Versa","Vices & Versa","vicesetversamtl","https://www.instagram.com/vicesetversamtl/","Bars, pubs, microbrasseries, buvettes et terrasses","bar","primary_official","scheduled_events_only","tier_2_contextual","unverified","","","","","posts,reels,stories","normal","needs_research","",""
"brasserie-harricana","Brasserie Harricana","Brasserie Harricana","brasserieharricana","https://www.instagram.com/brasserieharricana/","Bars, pubs, microbrasseries, buvettes et terrasses","bar","primary_official","scheduled_events_only","tier_2_contextual","unverified","","","","","posts,reels,stories","normal","needs_research","",""
"helm-microbrasserie","Helm Microbrasserie","Helm Microbrasserie","helm_microbrasserie","https://www.instagram.com/helm_microbrasserie/","Bars, pubs, microbrasseries, buvettes et terrasses","bar","primary_official","scheduled_events_only","tier_2_contextual","unverified","","","","","posts,reels,stories","normal","needs_research","",""
"le-saint-bock","Le Saint-Bock","Le Saint-Bock","lesaintbock","https://www.instagram.com/lesaintbock/","Bars, pubs, microbrasseries, buvettes et terrasses","bar","primary_official","scheduled_events_only","tier_2_contextual","unverified","","","","","posts,reels,stories","normal","needs_research","",""
"l-amere-a-boire","L’Amère à Boire","L’Amere a Boire","lamereaboire","https://www.instagram.com/lamereaboire/","Bars, pubs, microbrasseries, buvettes et terrasses","bar","primary_official","scheduled_events_only","tier_2_contextual","unverified","","","","","posts,reels,stories","normal","needs_research","",""
"avant-garde-artisans-brasseurs","Avant-Garde Artisans Brasseurs","Avant-Garde Artisans Brasseurs","avantgardeartisansbrasseurs","https://www.instagram.com/avantgardeartisansbrasseurs/","Bars, pubs, microbrasseries, buvettes et terrasses","bar","primary_official","scheduled_events_only","tier_2_contextual","unverified","","","","","posts,reels,stories","normal","needs_research","",""
"brasserie-boswell","Brasserie Boswell","Brasserie Boswell","boswellbrasserie","https://www.instagram.com/boswellbrasserie/","Bars, pubs, microbrasseries, buvettes et terrasses","bar","primary_official","scheduled_events_only","tier_2_contextual","unverified","","","","","posts,reels,stories","normal","needs_research","",""
"brasserie-silo","Brasserie Silo","Brasserie Silo","brasseriesilo","https://www.instagram.com/brasseriesilo/","Bars, pubs, microbrasseries, buvettes et terrasses","bar","primary_official","scheduled_events_only","tier_2_contextual","unverified","","","","","posts,reels,stories","normal","needs_research","",""
"mellon-brasserie","Mellön Brasserie","Mellon Brasserie","mellonbrasserie","https://www.instagram.com/mellonbrasserie/","Bars, pubs, microbrasseries, buvettes et terrasses","bar","primary_official","scheduled_events_only","tier_2_contextual","unverified","","","","","posts,reels,stories","normal","needs_research","",""
"le-cheval-blanc","Le Cheval Blanc","Le Cheval Blanc","lechevalblancmtl","https://www.instagram.com/lechevalblancmtl/","Bars, pubs, microbrasseries, buvettes et terrasses","bar","primary_official","scheduled_events_only","tier_2_contextual","unverified","","","","","posts,reels,stories","normal","needs_research","",""
"bar-st-denis","Bar St-Denis","Bar St-Denis","barstdenis","https://www.instagram.com/barstdenis/","Bars, pubs, microbrasseries, buvettes et terrasses","bar","primary_official","scheduled_events_only","tier_2_contextual","unverified","","","","","posts,reels,stories","normal","needs_research","",""
"taverne-midway","Taverne Midway","Taverne Midway","tavernemidway","https://www.instagram.com/tavernemidway/","Bars, pubs, microbrasseries, buvettes et terrasses","bar","primary_official","scheduled_events_only","tier_2_contextual","unverified","","","","","posts,reels,stories","normal","needs_research","",""
"ping-pong-club","Ping Pong Club","Ping Pong Club","pingpongclubmtl","https://www.instagram.com/pingpongclubmtl/","Bars, pubs, microbrasseries, buvettes et terrasses","bar","primary_official","scheduled_events_only","tier_2_contextual","unverified","","","","","posts,reels,stories","normal","needs_research","",""
"le-pourvoyeur","Le Pourvoyeur","Le Pourvoyeur","lepourvoyeur","https://www.instagram.com/lepourvoyeur/","Bars, pubs, microbrasseries, buvettes et terrasses","bar","primary_official","scheduled_events_only","tier_2_contextual","unverified","","","","","posts,reels,stories","normal","needs_research","",""
"sir-winston-churchill-pub","Sir Winston Churchill Pub","Sir Winston Churchill Pub","swcpub","https://www.instagram.com/swcpub/","Bars, pubs, microbrasseries, buvettes et terrasses","bar","primary_official","scheduled_events_only","tier_2_contextual","unverified","","","","","posts,reels,stories","normal","needs_research","",""
"brutopia","Brutopia","Brutopia","brutopiamtl","https://www.instagram.com/brutopiamtl/","Bars, pubs, microbrasseries, buvettes et terrasses","bar","primary_official","scheduled_events_only","tier_2_contextual","unverified","","","","","posts,reels,stories","normal","needs_research","",""
"terrasse-nelligan","Terrasse Nelligan","Terrasse Nelligan","terrassenelligan","https://www.instagram.com/terrassenelligan/","Bars, pubs, microbrasseries, buvettes et terrasses","bar","primary_official","scheduled_events_only","tier_2_contextual","unverified","","","","","posts,reels,stories","normal","needs_research","",""
"terrasse-place-d-armes","Terrasse Place d’Armes","Terrasse Place d’Armes","terrasseplacedarmes","https://www.instagram.com/terrasseplacedarmes/","Bars, pubs, microbrasseries, buvettes et terrasses","bar","primary_official","scheduled_events_only","tier_2_contextual","unverified","","","","","posts,reels,stories","normal","needs_research","",""
"terrasse-william-gray","Terrasse William Gray","Terrasse William Gray","terrassewilliamgray","https://www.instagram.com/terrassewilliamgray/","Bars, pubs, microbrasseries, buvettes et terrasses","bar","primary_official","scheduled_events_only","tier_2_contextual","unverified","","","","","posts,reels,stories","normal","needs_research","",""
"perches","Perchés","Perches","perchesmtl","https://www.instagram.com/perchesmtl/","Bars, pubs, microbrasseries, buvettes et terrasses","bar","primary_official","scheduled_events_only","tier_2_contextual","unverified","","","","","posts,reels,stories","normal","needs_research","",""
"le-9e","Le 9e","Le 9e","iledefrance","https://www.instagram.com/iledefrance/","Bars, pubs, microbrasseries, buvettes et terrasses","bar","primary_official","scheduled_events_only","tier_2_contextual","unverified","","","","","posts,reels,stories","normal","needs_research","",""
"bar-cicchetti","Bar Cicchetti","Bar Cicchetti","barcicchetti","https://www.instagram.com/barcicchetti/","Bars, pubs, microbrasseries, buvettes et terrasses","bar","primary_official","scheduled_events_only","tier_2_contextual","unverified","","","","","posts,reels,stories","normal","needs_research","",""
"vin-papillon","Vin Papillon","Vin Papillon","vinpapillon","https://www.instagram.com/vinpapillon/","Bars, pubs, microbrasseries, buvettes et terrasses","bar","primary_official","scheduled_events_only","tier_2_contextual","unverified","","","","","posts,reels,stories","normal","needs_research","",""
"pullman-bar-a-vin","Pullman Bar à Vin","Pullman Bar a Vin","pullman_mtl","https://www.instagram.com/pullman_mtl/","Bars, pubs, microbrasseries, buvettes et terrasses","bar","primary_official","scheduled_events_only","tier_2_contextual","unverified","","","","","posts,reels,stories","normal","needs_research","",""
"la-buvette-pompette","La Buvette Pompette","La Buvette Pompette","buvettepompette","https://www.instagram.com/buvettepompette/","Bars, pubs, microbrasseries, buvettes et terrasses","bar","primary_official","scheduled_events_only","tier_2_contextual","unverified","","","","","posts,reels,stories","normal","needs_research","",""
"buvette-pastek","Buvette Pastek","Buvette Pastek","buvettepastek","https://www.instagram.com/buvettepastek/","Bars, pubs, microbrasseries, buvettes et terrasses","bar","primary_official","scheduled_events_only","tier_2_contextual","unverified","","","","","posts,reels,stories","normal","needs_research","",""
"vinvinvin","Vinvinvin","Vinvinvin","vinvinvin_mtl","https://www.instagram.com/vinvinvin_mtl/","Bars, pubs, microbrasseries, buvettes et terrasses","bar","primary_official","scheduled_events_only","tier_2_contextual","unverified","","","","","posts,reels,stories","normal","needs_research","",""
"honi-honi","Honi Honi","Honi Honi","honihonimtl","https://www.instagram.com/honihonimtl/","Bars, pubs, microbrasseries, buvettes et terrasses","bar","primary_official","scheduled_events_only","tier_2_contextual","unverified","","","","","posts,reels,stories","normal","needs_research","",""
"l-ideal-bar-contenu","L’Idéal Bar & Contenu","L’Ideal Bar & Contenu","lideal_mtl","https://www.instagram.com/lideal_mtl/","Bars, pubs, microbrasseries, buvettes et terrasses","bar","primary_official","scheduled_events_only","tier_2_contextual","unverified","","","","","posts,reels,stories","normal","needs_research","",""
"taverne-tournesol","Taverne Tournesol","Taverne Tournesol","tavernetournesol","https://www.instagram.com/tavernetournesol/","Bars, pubs, microbrasseries, buvettes et terrasses","bar","primary_official","scheduled_events_only","tier_2_contextual","unverified","","","","","posts,reels,stories","normal","needs_research","",""
"wills-bar","Wills Bar","Wills Bar","wills_mtl","https://www.instagram.com/wills_mtl/","Bars, pubs, microbrasseries, buvettes et terrasses","bar","primary_official","scheduled_events_only","tier_2_contextual","unverified","wills-shared-account","","","","posts,reels,stories","normal","needs_research","","confirmed shared account; raw alias: Bar Wills"
"bar-volcan","Bar Volcan","Bar Volcan","barvolcan","https://www.instagram.com/barvolcan/","Bars, pubs, microbrasseries, buvettes et terrasses","bar","primary_official","scheduled_events_only","tier_2_contextual","unverified","","","","","posts,reels,stories","normal","needs_research","",""
"le-trefle-hochelaga","Le Trèfle Hochelaga","Le Trefle Hochelaga","letrefletaverne","https://www.instagram.com/letrefletaverne/","Bars, pubs, microbrasseries, buvettes et terrasses","bar","primary_official","scheduled_events_only","tier_2_contextual","unverified","","","","","posts,reels,stories","normal","needs_research","",""
"le-blind-pig","Le Blind Pig","Le Blind Pig","leblindpig","https://www.instagram.com/leblindpig/","Bars, pubs, microbrasseries, buvettes et terrasses","bar","primary_official","scheduled_events_only","tier_2_contextual","unverified","","","","","posts,reels,stories","normal","needs_research","",""
"bistro-de-paris","Bistro de Paris","Bistro de Paris","","","Bars, pubs, microbrasseries, buvettes et terrasses","bar","primary_official","scheduled_events_only","tier_2_contextual","unverified","","","","","posts,reels,stories","normal","needs_research","","instagram_handle_needs_research"
"le-p-tit-bar","Le P’tit Bar","Le P’tit Bar","","","Bars, pubs, microbrasseries, buvettes et terrasses","bar","primary_official","scheduled_events_only","tier_2_contextual","unverified","","","","","posts,reels,stories","normal","needs_research","","instagram_handle_needs_research"
"bar-sans-nom","Bar sans nom","Bar sans nom","","","Bars, pubs, microbrasseries, buvettes et terrasses","bar","primary_official","scheduled_events_only","tier_2_contextual","unverified","","","","","posts,reels,stories","normal","needs_research","","instagram_handle_needs_research"
"bar-de-liesse","Bar de Liesse","Bar de Liesse","","","Bars, pubs, microbrasseries, buvettes et terrasses","bar","primary_official","scheduled_events_only","tier_2_contextual","unverified","","","","","posts,reels,stories","normal","needs_research","","instagram_handle_needs_research"
"le-plongeoir","Le Plongeoir","Le Plongeoir","","","Bars, pubs, microbrasseries, buvettes et terrasses","bar","primary_official","scheduled_events_only","tier_2_contextual","unverified","","","","","posts,reels,stories","normal","needs_research","","instagram_handle_needs_research"
"evenko","Evenko","Evenko","evenko","https://www.instagram.com/evenko/","Promoteurs, collectifs et festivals","promoter","organizer_official","qualifying_event_host","tier_1_primary","unverified","","","","","posts,reels,stories","high","needs_research","",""
"i-love-neon","I Love Neon","I Love Neon","iloveneon","https://www.instagram.com/iloveneon/","Promoteurs, collectifs et festivals","promoter","organizer_official","qualifying_event_host","tier_1_primary","unverified","","","","","posts,reels,stories","high","needs_research","",""
"blue-skies-turn-black","Blue Skies Turn Black","Blue Skies Turn Black","blueskiesturnblack","https://www.instagram.com/blueskiesturnblack/","Promoteurs, collectifs et festivals","promoter","organizer_official","qualifying_event_host","tier_1_primary","unverified","","","","","posts,reels,stories","high","needs_research","",""
"mural-festival","Mural Festival","Mural Festival","muralfestival","https://www.instagram.com/muralfestival/","Promoteurs, collectifs et festivals","festival","organizer_official","qualifying_event_host","tier_1_primary","unverified","","","","","posts,reels,stories","high","needs_research","",""
"osheaga","Osheaga","Osheaga","osheaga","https://www.instagram.com/osheaga/","Promoteurs, collectifs et festivals","festival","organizer_official","qualifying_event_host","tier_1_primary","unverified","","","","","posts,reels,stories","high","needs_research","",""
"ilesoniq","ÎleSoniq","IleSoniq","ilesoniq","https://www.instagram.com/ilesoniq/","Promoteurs, collectifs et festivals","promoter","organizer_official","qualifying_event_host","tier_1_primary","unverified","","","","","posts,reels,stories","high","needs_research","",""
"lasso-montreal","Lasso Montréal","Lasso Montreal","lassomtl","https://www.instagram.com/lassomtl/","Promoteurs, collectifs et festivals","promoter","organizer_official","qualifying_event_host","tier_1_primary","unverified","","","","","posts,reels,stories","high","needs_research","",""
"festival-international-de-jazz-de-montreal","Festival International de Jazz de Montréal","Festival International de Jazz de Montreal","festivaljazzmtl","https://www.instagram.com/festivaljazzmtl/","Promoteurs, collectifs et festivals","festival","organizer_official","qualifying_event_host","tier_1_primary","unverified","","","","","posts,reels,stories","high","needs_research","",""
"francos-de-montreal","Francos de Montréal","Francos de Montreal","francosdemontreal","https://www.instagram.com/francosdemontreal/","Promoteurs, collectifs et festivals","festival","organizer_official","qualifying_event_host","tier_1_primary","unverified","","","","","posts,reels,stories","high","needs_research","",""
"montreal-en-lumiere","Montréal en Lumière","Montreal en Lumiere","mtlenlumiere","https://www.instagram.com/mtlenlumiere/","Promoteurs, collectifs et festivals","festival","organizer_official","qualifying_event_host","tier_1_primary","unverified","","","","","posts,reels,stories","high","needs_research","",""
"igloofest","Igloofest","Igloofest","igloofest_mtl","https://www.instagram.com/igloofest_mtl/","Promoteurs, collectifs et festivals","festival","organizer_official","qualifying_event_host","tier_1_primary","unverified","","","","","posts,reels,stories","high","needs_research","",""
"piknic-electronik","Piknic Électronik","Piknic Electronik","piknicmtl","https://www.instagram.com/piknicmtl/","Promoteurs, collectifs et festivals","festival","organizer_official","qualifying_event_host","tier_1_primary","unverified","","","","","posts,reels,stories","high","needs_research","",""
"mutek-montreal","Mutek Montréal","Mutek Montreal","mutekmontreal","https://www.instagram.com/mutekmontreal/","Promoteurs, collectifs et festivals","festival","organizer_official","qualifying_event_host","tier_1_primary","unverified","","","","","posts,reels,stories","high","needs_research","",""
"pop-montreal","POP Montréal","POP Montreal","popmontreal","https://www.instagram.com/popmontreal/","Promoteurs, collectifs et festivals","festival","organizer_official","qualifying_event_host","tier_1_primary","unverified","","","","","posts,reels,stories","high","needs_research","",""
"juste-pour-rire","Juste pour rire","Juste pour rire","juste_pour_rire","https://www.instagram.com/juste_pour_rire/","Promoteurs, collectifs et festivals","promoter","organizer_official","qualifying_event_host","tier_1_primary","unverified","","","","","posts,reels,stories","high","needs_research","",""
"zoofest","Zoofest","Zoofest","zoofest","https://www.instagram.com/zoofest/","Promoteurs, collectifs et festivals","festival","organizer_official","qualifying_event_host","tier_1_primary","unverified","","","","","posts,reels,stories","high","needs_research","",""
"coup-de-c-ur-francophone","Coup de cœur francophone","Coup de cœur francophone","coupdecoeurfr","https://www.instagram.com/coupdecoeurfr/","Promoteurs, collectifs et festivals","festival","organizer_official","qualifying_event_host","tier_1_primary","unverified","","","","","posts,reels,stories","high","needs_research","",""
"fierte-montreal","Fierté Montréal","Fierte Montreal","fiertemtl","https://www.instagram.com/fiertemtl/","Promoteurs, collectifs et festivals","festival","organizer_official","qualifying_event_host","tier_1_primary","unverified","","","","","posts,reels,stories","high","needs_research","",""
"nuits-d-afrique","Nuits d’Afrique","Nuits d’Afrique","nuitsdafrique","https://www.instagram.com/nuitsdafrique/","Promoteurs, collectifs et festivals","promoter","organizer_official","qualifying_event_host","tier_1_primary","unverified","","","","","posts,reels,stories","high","needs_research","",""
"frontrite","FrontRite","FrontRite","frontrite","https://www.instagram.com/frontrite/","Promoteurs, collectifs et festivals","promoter","organizer_official","qualifying_event_host","tier_1_primary","unverified","","","","","posts,reels,stories","high","needs_research","",""
"husa-sounds","Husa Sounds","Husa Sounds","husasounds","https://www.instagram.com/husasounds/","Promoteurs, collectifs et festivals","promoter","organizer_official","qualifying_event_host","tier_1_primary","unverified","","","","","posts,reels,stories","high","needs_research","",""
"kizi-garden-records","Kizi Garden Records","Kizi Garden Records","kizigarden","https://www.instagram.com/kizigarden/","Promoteurs, collectifs et festivals","promoter","organizer_official","qualifying_event_host","tier_1_primary","unverified","","","","","posts,reels,stories","high","needs_research","",""
"artgang-montreal","Artgang Montréal","Artgang Montreal","artgangmontreal","https://www.instagram.com/artgangmontreal/","Promoteurs, collectifs et festivals","promoter","organizer_official","qualifying_event_host","tier_1_primary","unverified","","","","","posts,reels,stories","high","needs_research","",""
"moonshine","Moonshine","Moonshine","moonshine.mu","https://www.instagram.com/moonshine.mu/","Promoteurs, collectifs et festivals","promoter","organizer_official","qualifying_event_host","tier_1_primary","unverified","","","","","posts,reels,stories","high","needs_research","",""
"octov","Octov","Octov","octov_","https://www.instagram.com/octov_/","Promoteurs, collectifs et festivals","promoter","organizer_official","qualifying_event_host","tier_1_primary","unverified","","","","","posts,reels,stories","high","needs_research","",""
"homegrown-harvest","Homegrown Harvest","Homegrown Harvest","homegrown.harvest","https://www.instagram.com/homegrown.harvest/","Promoteurs, collectifs et festivals","promoter","organizer_official","qualifying_event_host","tier_1_primary","unverified","","","","","posts,reels,stories","high","needs_research","",""
"la-bacchanale","La Bacchanale","La Bacchanale","labacchanalelofficiel","https://www.instagram.com/labacchanalelofficiel/","Promoteurs, collectifs et festivals","promoter","organizer_official","qualifying_event_host","tier_1_primary","unverified","","","","","posts,reels,stories","high","needs_research","",""
"kannibalen-records","Kannibalen Records","Kannibalen Records","kannibalenrecords","https://www.instagram.com/kannibalenrecords/","Promoteurs, collectifs et festivals","promoter","organizer_official","qualifying_event_host","tier_1_primary","unverified","","","","","posts,reels,stories","high","needs_research","",""
"saintwoods","Saintwoods","Saintwoods","saintwoods","https://www.instagram.com/saintwoods/","Promoteurs, collectifs et festivals","promoter","organizer_official","qualifying_event_host","tier_1_primary","unverified","","","","","posts,reels,stories","high","needs_research","",""
"shift-radio","Shift Radio","Shift Radio","shiftradio_","https://www.instagram.com/shiftradio_/","Promoteurs, collectifs et festivals","promoter","organizer_official","qualifying_event_host","tier_1_primary","unverified","","","","","posts,reels,stories","high","needs_research","",""
"qualite-de-luxe","Qualité de Luxe","Qualite de Luxe","qualitedeluxe","https://www.instagram.com/qualitedeluxe/","Promoteurs, collectifs et festivals","promoter","organizer_official","qualifying_event_host","tier_1_primary","unverified","","","","","posts,reels,stories","high","needs_research","",""
"afrotonik","Afrotonik","Afrotonik","afrotonik","https://www.instagram.com/afrotonik/","Promoteurs, collectifs et festivals","promoter","organizer_official","qualifying_event_host","tier_1_primary","unverified","","","","","posts,reels,stories","high","needs_research","",""
"good-vibe-people","Good Vibe People","Good Vibe People","goodvibepeople","https://www.instagram.com/goodvibepeople/","Promoteurs, collectifs et festivals","promoter","organizer_official","qualifying_event_host","tier_1_primary","unverified","","","","","posts,reels,stories","high","needs_research","",""
"nite-life-mtl","Nite Life MTL","Nite Life MTL","nitelifemtl","https://www.instagram.com/nitelifemtl/","Promoteurs, collectifs et festivals","promoter","organizer_official","qualifying_event_host","tier_1_primary","unverified","","","","","posts,reels,stories","high","needs_research","",""
"audioform","Audioform","Audioform","audioform.ca","https://www.instagram.com/audioform.ca/","Promoteurs, collectifs et festivals","promoter","organizer_official","qualifying_event_host","tier_1_primary","unverified","","","","","posts,reels,stories","high","needs_research","",""
"awake-montreal","Awake Montreal","Awake Montreal","awake_mtl","https://www.instagram.com/awake_mtl/","Promoteurs, collectifs et festivals","promoter","organizer_official","qualifying_event_host","tier_1_primary","unverified","","","","","posts,reels,stories","high","needs_research","",""
"never-apart","Never Apart","Never Apart","neverapartmtl","https://www.instagram.com/neverapartmtl/","Promoteurs, collectifs et festivals","promoter","organizer_official","qualifying_event_host","tier_1_primary","unverified","","","","","posts,reels,stories","high","needs_research","",""
"festival-transameriques","Festival TransAmériques","Festival TransAmeriques","ftamontreal","https://www.instagram.com/ftamontreal/","Promoteurs, collectifs et festivals","festival","organizer_official","qualifying_event_host","tier_1_primary","unverified","","","","","posts,reels,stories","high","needs_research","",""
"festival-du-nouveau-cinema","Festival du Nouveau Cinéma","Festival du Nouveau Cinema","nouveaucinema","https://www.instagram.com/nouveaucinema/","Promoteurs, collectifs et festivals","festival","organizer_official","qualifying_event_host","tier_1_primary","unverified","","","","","posts,reels,stories","high","needs_research","",""
"fantasia-festival","Fantasia Festival","Fantasia Festival","fantasiafestival","https://www.instagram.com/fantasiafestival/","Promoteurs, collectifs et festivals","festival","organizer_official","qualifying_event_host","tier_1_primary","unverified","","","","","posts,reels,stories","high","needs_research","",""
"cinemania","Cinemania","Cinemania","festivalcinemania","https://www.instagram.com/festivalcinemania/","Promoteurs, collectifs et festivals","festival","organizer_official","qualifying_event_host","tier_1_primary","unverified","","","","","posts,reels,stories","high","needs_research","",""
"ridm","RIDM","RIDM","ridm_festival","https://www.instagram.com/ridm_festival/","Promoteurs, collectifs et festivals","festival","organizer_official","qualifying_event_host","tier_1_primary","unverified","","","","","posts,reels,stories","high","needs_research","",""
"mad-festival","MAD Festival","MAD Festival","madfestival_mtl","https://www.instagram.com/madfestival_mtl/","Promoteurs, collectifs et festivals","festival","organizer_official","qualifying_event_host","tier_1_primary","unverified","","","","","posts,reels,stories","high","needs_research","",""
"art-souterrain","Art Souterrain","Art Souterrain","artsouterrain","https://www.instagram.com/artsouterrain/","Promoteurs, collectifs et festivals","promoter","organizer_official","qualifying_event_host","tier_1_primary","unverified","","","","","posts,reels,stories","high","needs_research","",""
"mtl-en-arts","Mtl en Arts","Mtl en Arts","mtlenarts","https://www.instagram.com/mtlenarts/","Promoteurs, collectifs et festivals","festival","organizer_official","qualifying_event_host","tier_1_primary","unverified","","","","","posts,reels,stories","high","needs_research","",""
"montreal-sketchfest","Montreal Sketchfest","Montreal Sketchfest","mtlsketchfest","https://www.instagram.com/mtlsketchfest/","Promoteurs, collectifs et festivals","festival","organizer_official","qualifying_event_host","tier_1_primary","unverified","","","","","posts,reels,stories","high","needs_research","",""
"slut-island-festival","Slut Island Festival","Slut Island Festival","slutisland","https://www.instagram.com/slutisland/","Promoteurs, collectifs et festivals","festival","organizer_official","qualifying_event_host","tier_1_primary","unverified","","","","","posts,reels,stories","high","needs_research","",""
"underdogs-mtl","Underdogs MTL","Underdogs MTL","","","Promoteurs, collectifs et festivals","promoter","organizer_official","qualifying_event_host","tier_1_primary","unverified","","","","","posts,reels,stories","high","needs_research","","instagram_handle_needs_research"
"appetite-for-music","Appetite for Music","Appetite for Music","","","Promoteurs, collectifs et festivals","promoter","organizer_official","qualifying_event_host","tier_1_primary","unverified","","","","","posts,reels,stories","high","needs_research","","instagram_handle_needs_research"
"montrealites","Montréalités","Montrealites","","","Promoteurs, collectifs et festivals","promoter","organizer_official","qualifying_event_host","tier_1_primary","unverified","possible-montrealite","","","","posts,reels,stories","high","needs_research","","instagram_handle_needs_research; possible Montrealite/Montrealites similarity; not merged"
"exposition-mtl","Exposition Mtl","Exposition Mtl","","","Promoteurs, collectifs et festivals","promoter","organizer_official","qualifying_event_host","tier_1_primary","unverified","","","","","posts,reels,stories","high","needs_research","","instagram_handle_needs_research"
"le-bordel-comedie-club","Le Bordel Comédie Club","Le Bordel Comedie Club","lebordelcomedieclub","https://www.instagram.com/lebordelcomedieclub/","Comedy clubs et soirées d’humour","comedy","primary_official","qualifying_event_host","tier_1_primary","unverified","","","","","posts,reels,stories","high","needs_research","",""
"le-terminal-comedie-club","Le Terminal Comédie Club","Le Terminal Comedie Club","terminalcomedieclub","https://www.instagram.com/terminalcomedieclub/","Comedy clubs et soirées d’humour","comedy","primary_official","qualifying_event_host","tier_1_primary","unverified","","","","","posts,reels,stories","high","needs_research","",""
"the-comedy-nest","The Comedy Nest","The Comedy Nest","comedynest","https://www.instagram.com/comedynest/","Comedy clubs et soirées d’humour","comedy","primary_official","qualifying_event_host","tier_1_primary","unverified","","","","","posts,reels,stories","high","needs_research","",""
"le-plateau-comedy-club","Le Plateau Comedy Club","Le Plateau Comedy Club","leplateaucomedyclub","https://www.instagram.com/leplateaucomedyclub/","Comedy clubs et soirées d’humour","comedy","primary_official","qualifying_event_host","tier_1_primary","unverified","","","","","posts,reels,stories","high","needs_research","",""
"comedyville","Comedyville","Comedyville","comedyville","https://www.instagram.com/comedyville/","Comedy clubs et soirées d’humour","comedy","primary_official","qualifying_event_host","tier_1_primary","unverified","","","","","posts,reels,stories","high","needs_research","",""
"mtl-comedy-club","MTL Comedy Club","MTL Comedy Club","mtlcomedyclub","https://www.instagram.com/mtlcomedyclub/","Comedy clubs et soirées d’humour","comedy","primary_official","qualifying_event_host","tier_1_primary","unverified","","","","","posts,reels,stories","high","needs_research","",""
"les-lundis-de-l-humour-bar-le-jockey","Les Lundis de l’Humour — Bar Le Jockey","Les Lundis de l’Humour — Bar Le Jockey","","","Comedy clubs et soirées d’humour","comedy","primary_official","qualifying_event_host","tier_1_primary","unverified","","","","","posts,reels,stories","high","needs_research","","instagram_handle_needs_research"
"pang-pang-karaoke","Pang Pang Karaoke","Pang Pang Karaoke","pangpangkaraoke","https://www.instagram.com/pangpangkaraoke/","Jeux, karaokés et activités nocturnes","activity","primary_official","scheduled_events_only","tier_2_contextual","unverified","","","","","posts,reels,stories","normal","needs_research","",""
"zoe-fondues-karaoke","Zoé Fondues Karaoké","Zoe Fondues Karaoke","zoefondueskaraoke","https://www.instagram.com/zoefondueskaraoke/","Jeux, karaokés et activités nocturnes","activity","primary_official","scheduled_events_only","tier_2_contextual","unverified","","","","","posts,reels,stories","normal","needs_research","",""
"k-100-karaoke","K-100 Karaoke","K-100 Karaoke","","","Jeux, karaokés et activités nocturnes","activity","primary_official","scheduled_events_only","tier_2_contextual","unverified","","","","","posts,reels,stories","normal","needs_research","","instagram_handle_needs_research"
"l-astral-2000","L’Astral 2000","L’Astral 2000","","","Jeux, karaokés et activités nocturnes","activity","primary_official","scheduled_events_only","tier_2_contextual","unverified","","","","","posts,reels,stories","normal","needs_research","","instagram_handle_needs_research"
"arcade-mtl","Arcade MTL","Arcade MTL","arcademtl","https://www.instagram.com/arcademtl/","Jeux, karaokés et activités nocturnes","activity","primary_official","scheduled_events_only","tier_2_contextual","unverified","","","","","posts,reels,stories","normal","needs_research","",""
"le-colonel-moutarde","Le Colonel Moutarde","Le Colonel Moutarde","colonelmoutarde_mtl","https://www.instagram.com/colonelmoutarde_mtl/","Jeux, karaokés et activités nocturnes","activity","primary_official","scheduled_events_only","tier_2_contextual","unverified","","","","","posts,reels,stories","normal","needs_research","",""
"l-adversaire-pub-ludique","L’Adversaire — Pub Ludique","L’Adversaire — Pub Ludique","ladversaire_mtl","https://www.instagram.com/ladversaire_mtl/","Jeux, karaokés et activités nocturnes","activity","primary_official","scheduled_events_only","tier_2_contextual","unverified","","","","","posts,reels,stories","normal","needs_research","",""
"ceramic-cafe-studio","Céramic Café Studio","Ceramic Cafe Studio","ceramiccafestudio","https://www.instagram.com/ceramiccafestudio/","Jeux, karaokés et activités nocturnes","activity","primary_official","scheduled_events_only","tier_2_contextual","unverified","","","","","posts,reels,stories","normal","needs_research","",""
"maniax","Maniax","Maniax","maniax.ca","https://www.instagram.com/maniax.ca/","Jeux, karaokés et activités nocturnes","activity","primary_official","scheduled_events_only","tier_2_contextual","unverified","","","","","posts,reels,stories","normal","needs_research","",""
"boulodrome-g-plus","Boulodrome G-Plus","Boulodrome G-Plus","quilles_g_plus","https://www.instagram.com/quilles_g_plus/","Jeux, karaokés et activités nocturnes","activity","primary_official","scheduled_events_only","tier_2_contextual","unverified","","","","","posts,reels,stories","normal","needs_research","",""
"village-au-pied-du-courant","Village au Pied-du-Courant","Village au Pied-du-Courant","villagepiedducourant","https://www.instagram.com/villagepiedducourant/","Lieux hybrides, cabarets et espaces saisonniers","hybrid_space","primary_official","qualifying_event_host","tier_1_primary","unverified","","","","","posts,reels,stories","high","needs_research","",""
"marche-des-possibles","Marché des Possibles","Marche des Possibles","marchedespossibles","https://www.instagram.com/marchedespossibles/","Lieux hybrides, cabarets et espaces saisonniers","hybrid_space","primary_official","qualifying_event_host","tier_1_primary","unverified","","","","","posts,reels,stories","high","needs_research","",""
"cafe-cleopatre","Café Cléopâtre","Cafe Cleopatre","cafecleopatre","https://www.instagram.com/cafecleopatre/","Lieux hybrides, cabarets et espaces saisonniers","hybrid_space","primary_official","qualifying_event_host","tier_1_primary","unverified","","","","","posts,reels,stories","high","needs_research","",""
"le-monastere","Le Monastère","Le Monastere","lemonastere_","https://www.instagram.com/lemonastere_/","Lieux hybrides, cabarets et espaces saisonniers","hybrid_space","primary_official","qualifying_event_host","tier_1_primary","unverified","","","","","posts,reels,stories","high","needs_research","",""
"cabaret-carmagnole","Cabaret Carmagnole","Cabaret Carmagnole","cabaretcarmagnole","https://www.instagram.com/cabaretcarmagnole/","Lieux hybrides, cabarets et espaces saisonniers","hybrid_space","primary_official","qualifying_event_host","tier_1_primary","unverified","","","","","posts,reels,stories","high","needs_research","",""
"ursa","URSA","URSA","ursamtl","https://www.instagram.com/ursamtl/","Lieux hybrides, cabarets et espaces saisonniers","hybrid_space","primary_official","qualifying_event_host","tier_1_primary","unverified","","","","","posts,reels,stories","high","needs_research","",""
"batiment-7","Bâtiment 7","Batiment 7","batiment7","https://www.instagram.com/batiment7/","Lieux hybrides, cabarets et espaces saisonniers","hybrid_space","primary_official","qualifying_event_host","tier_1_primary","unverified","","","","","posts,reels,stories","high","needs_research","",""
"aires-libres","Aires Libres","Aires Libres","societedeveloppementvillage","https://www.instagram.com/societedeveloppementvillage/","Lieux hybrides, cabarets et espaces saisonniers","hybrid_space","primary_official","qualifying_event_host","tier_1_primary","unverified","","","","","posts,reels,stories","high","needs_research","",""
"maison-de-l-architecture-centre-de-design-uqam","Maison de l’Architecture / Centre de design UQAM","Maison de l’Architecture / Centre de design UQAM","centrededesignuqam","https://www.instagram.com/centrededesignuqam/","Lieux hybrides, cabarets et espaces saisonniers","hybrid_space","primary_official","qualifying_event_host","tier_1_primary","unverified","","","","","posts,reels,stories","high","needs_research","",""
"les-premiers-vendredis","Les Premiers Vendredis","Les Premiers Vendredis","1ersvendredis","https://www.instagram.com/1ersvendredis/","Événements culinaires et pop-ups","food_event","organizer_official","qualifying_event_host","tier_2_contextual","unverified","","","","","posts,reels,stories","normal","needs_research","",""
"yatai-mtl","Yatai MTL","Yatai MTL","yataimtl","https://www.instagram.com/yataimtl/","Événements culinaires et pop-ups","food_event","organizer_official","qualifying_event_host","tier_2_contextual","unverified","","","","","posts,reels,stories","normal","needs_research","",""
"la-poutine-week","La Poutine Week","La Poutine Week","lapoutineweek","https://www.instagram.com/lapoutineweek/","Événements culinaires et pop-ups","food_event","organizer_official","qualifying_event_host","tier_2_contextual","unverified","","","","","posts,reels,stories","normal","needs_research","",""
"le-burger-week","Le Burger Week","Le Burger Week","leburgerweek","https://www.instagram.com/leburgerweek/","Événements culinaires et pop-ups","food_event","organizer_official","qualifying_event_host","tier_2_contextual","unverified","","","","","posts,reels,stories","normal","needs_research","",""
"pizza-fest","Pizza Fest","Pizza Fest","pizzafestmtl","https://www.instagram.com/pizzafestmtl/","Événements culinaires et pop-ups","food_event","organizer_official","qualifying_event_host","tier_2_contextual","unverified","","","","","posts,reels,stories","normal","needs_research","",""
"festival-yul-eat","Festival YUL EAT","Festival YUL EAT","festivalyuleat","https://www.instagram.com/festivalyuleat/","Événements culinaires et pop-ups","food_event","organizer_official","qualifying_event_host","tier_2_contextual","unverified","","","","","posts,reels,stories","normal","needs_research","",""
"cabane-panache","Cabane Panache","Cabane Panache","promenadewellington","https://www.instagram.com/promenadewellington/","Événements culinaires et pop-ups","food_event","organizer_official","qualifying_event_host","tier_2_contextual","unverified","","","","","posts,reels,stories","normal","needs_research","",""
"festival-de-la-frayeur-la-ronde","Festival de la Frayeur / La Ronde","Festival de la Frayeur / La Ronde","laronde_sixflags","https://www.instagram.com/laronde_sixflags/","Événements culinaires et pop-ups","food_event","organizer_official","qualifying_event_host","tier_2_contextual","unverified","","","","","posts,reels,stories","normal","needs_research","",""
"silo-57","Silo 57","Silo 57","silo57","https://www.instagram.com/silo57/","Médias et curateurs locaux","media_curator","secondary_curator","discovery_lead_only","tier_3_secondary","unverified","","","","","posts,reels,stories","low","needs_research","",""
"nightlife-ca","Nightlife.ca","Nightlife.ca","nightlifeca","https://www.instagram.com/nightlifeca/","Médias et curateurs locaux","media_curator","secondary_curator","discovery_lead_only","tier_3_secondary","unverified","","","","","posts,reels,stories","low","needs_research","",""
"cult-mtl","Cult MTL","Cult MTL","cultmtl","https://www.instagram.com/cultmtl/","Médias et curateurs locaux","media_curator","secondary_curator","discovery_lead_only","tier_3_secondary","unverified","","","","","posts,reels,stories","low","needs_research","",""
"time-out-montreal","Time Out Montréal","Time Out Montreal","timeoutmontreal","https://www.instagram.com/timeoutmontreal/","Médias et curateurs locaux","media_curator","secondary_curator","discovery_lead_only","tier_3_secondary","unverified","","","","","posts,reels,stories","low","needs_research","",""
"tastet","Tastet","Tastet","tastet.ca","https://www.instagram.com/tastet.ca/","Médias et curateurs locaux","media_curator","secondary_curator","discovery_lead_only","tier_3_secondary","unverified","","","","","posts,reels,stories","low","needs_research","",""
"mtl-blog","MTL Blog","MTL Blog","mtlblog","https://www.instagram.com/mtlblog/","Médias et curateurs locaux","media_curator","secondary_curator","discovery_lead_only","tier_3_secondary","unverified","","","","","posts,reels,stories","low","needs_research","",""
"montrealite","Montréalité","Montrealite","montrealite","https://www.instagram.com/montrealite/","Médias et curateurs locaux","media_curator","secondary_curator","discovery_lead_only","tier_3_secondary","unverified","possible-montrealite","","","","posts,reels,stories","low","needs_research","","possible Montrealite/Montrealites similarity; not merged"
"ton-barbier","Ton Barbier","Ton Barbier","tonbarbier","https://www.instagram.com/tonbarbier/","Médias et curateurs locaux","media_curator","secondary_curator","discovery_lead_only","tier_3_secondary","unverified","","","","","posts,reels,stories","low","needs_research","",""
